pclass,sex,age,sibsp,parch,fare,embarked,actual,predicted,probability,correct,error_type,family_size,is_alone,age_group,confidence
3,female,,1,0,24.15,Q,1,1,0.6173144420531236,True,Correct,2,0,,0.11731444205312358
3,male,,1,1,22.3583,C,1,0,0.19533724963794263,False,False Negative,3,0,,0.30466275036205737
3,male,,0,0,7.775,S,0,0,0.10331286014380597,True,Correct,1,1,,0.396687139856194
3,male,30.5,0,0,8.05,S,0,0,0.09510897134924122,True,Correct,1,1,Young Adult,0.40489102865075877
3,male,36.0,0,0,7.4958,S,0,0,0.07900195641731725,True,Correct,1,1,Adult,0.4209980435826828
3,male,18.0,1,1,20.2125,S,0,0,0.164299735575043,True,Correct,3,0,Teenager,0.33570026442495704
2,male,32.5,1,0,30.0708,C,0,0,0.3624876888704965,True,Correct,2,0,Young Adult,0.13751231112950352
1,male,37.0,1,1,52.5542,S,1,0,0.35169527862076544,False,False Negative,3,0,Adult,0.14830472137923456
1,female,58.0,0,1,512.3292,C,1,1,0.9326906920088649,True,Correct,2,0,Adult,0.4326906920088649
3,male,,0,0,7.55,S,0,0,0.10329249430441353,True,Correct,1,1,,0.39670750569558644
2,female,36.0,1,0,26.0,S,1,1,0.7532334891146265,True,Correct,2,0,Adult,0.2532334891146265
3,male,18.0,0,0,7.75,S,0,0,0.14276521262172592,True,Correct,1,1,Teenager,0.3572347873782741
2,male,30.0,1,1,26.0,S,0,0,0.22769939153604551,True,Correct,3,0,Young Adult,0.2723006084639545
2,female,23.0,0,0,13.7917,C,1,1,0.862810534291024,True,Correct,1,1,Young Adult,0.36281053429102395
3,female,26.0,1,0,16.1,S,0,1,0.653167639029032,False,False Positive,2,0,Young Adult,0.15316763902903197
2,male,36.5,0,2,26.0,S,0,0,0.2627776564359173,True,Correct,3,0,Adult,0.23722234356408273
1,female,35.0,1,0,53.1,S,1,1,0.8829828384210544,True,Correct,2,0,Young Adult,0.3829828384210544
3,male,,0,0,7.2292,C,0,0,0.17019665064458422,True,Correct,1,1,,0.3298033493554158
2,male,19.0,1,1,36.75,S,0,0,0.30884211174433635,True,Correct,3,0,Young Adult,0.19115788825566365
1,male,37.0,1,1,83.1583,C,0,0,0.49888835938194287,True,Correct,3,0,Adult,0.0011116406180571303
1,female,49.0,0,0,25.9292,S,1,1,0.7608199393826677,True,Correct,1,1,Adult,0.2608199393826677
2,female,21.0,0,1,21.0,S,1,1,0.8902209877879379,True,Correct,2,0,Young Adult,0.3902209877879379
3,male,35.0,0,0,7.8958,C,0,0,0.13687348565319618,True,Correct,1,1,Young Adult,0.3631265143468038
3,male,11.5,1,1,14.5,S,0,0,0.19898326171179698,True,Correct,3,0,Child,0.301016738288203
2,male,60.0,1,1,39.0,S,0,0,0.08996830164340996,True,Correct,3,0,Adult,0.41003169835659004
1,male,48.0,0,0,50.4958,C,0,0,0.35539154721524396,True,Correct,1,1,Adult,0.14460845278475604
3,female,22.0,0,0,7.25,S,1,1,0.6107143267681108,True,Correct,1,1,Young Adult,0.11071432676811077
1,male,35.0,0,0,512.3292,C,1,1,0.5829403490938292,True,Correct,1,1,Young Adult,0.08294034909382919
3,female,,8,2,69.55,S,0,0,0.01979681606739532,True,Correct,11,0,,0.4802031839326047
3,female,47.0,1,0,14.5,S,0,0,0.46447610568832576,True,Correct,2,0,Adult,0.03552389431167424
2,female,29.0,1,0,26.0,S,1,1,0.7980021234588189,True,Correct,2,0,Young Adult,0.29800212345881893
3,male,28.5,0,0,7.2292,C,0,0,0.1676105670203273,True,Correct,1,1,Young Adult,0.3323894329796727
3,male,25.0,0,0,7.925,S,0,0,0.11402602780348658,True,Correct,1,1,Young Adult,0.3859739721965134
2,male,44.0,0,0,13.0,S,0,0,0.12969610135886578,True,Correct,1,1,Adult,0.3703038986411342
2,male,31.0,0,0,10.5,S,0,0,0.19355181183012796,True,Correct,1,1,Young Adult,0.30644818816987207
3,female,,0,0,7.75,Q,1,1,0.535123875526,True,Correct,1,1,,0.03512387552600005
3,male,7.0,4,1,29.125,Q,0,0,0.043424699149820105,True,Correct,6,0,Child,0.4565753008501799
2,male,24.0,2,0,31.5,S,0,0,0.19400986859757757,True,Correct,3,0,Young Adult,0.3059901314024224
3,male,45.0,0,0,8.05,S,1,0,0.05802761223467061,False,False Negative,1,1,Adult,0.4419723877653294
2,male,57.0,0,0,13.0,S,0,0,0.08450568674981088,True,Correct,1,1,Adult,0.41549431325018915
3,male,26.0,0,0,7.775,S,1,0,0.11034191763002656,False,False Negative,1,1,Young Adult,0.38965808236997346
1,male,13.0,2,2,262.375,C,1,1,0.5720936381211329,True,Correct,5,0,Teenager,0.0720936381211329
3,male,25.0,0,0,7.65,S,0,0,0.11399888373413632,True,Correct,1,1,Young Adult,0.3860011162658637
3,male,27.0,0,0,7.8542,S,0,0,0.106783855124136,True,Correct,1,1,Young Adult,0.393216144875864
2,male,31.0,0,0,13.0,S,1,0,0.19393340544009002,False,False Negative,1,1,Young Adult,0.30606659455991
1,female,,0,1,55.0,S,1,1,0.9376157801309213,True,Correct,2,0,,0.4376157801309213
1,female,26.0,0,0,78.85,S,1,1,0.8865874583550512,True,Correct,1,1,Young Adult,0.38658745835505115
3,male,32.0,0,0,7.925,S,0,0,0.09044757460927774,True,Correct,1,1,Young Adult,0.40955242539072223
3,male,,1,0,19.9667,S,0,0,0.13852207561453803,True,Correct,2,0,,0.361477924385462
3,male,23.0,0,0,9.225,S,0,0,0.12182089111228997,True,Correct,1,1,Young Adult,0.37817910888771
3,male,43.0,0,0,8.05,S,0,0,0.06218929973062846,True,Correct,1,1,Adult,0.4378107002693715
3,male,,0,0,15.1,S,0,0,0.1039778244116204,True,Correct,1,1,,0.3960221755883796
2,male,30.0,0,0,10.5,S,0,0,0.19936808824503732,True,Correct,1,1,Young Adult,0.3006319117549627
2,female,48.0,1,2,65.0,S,1,1,0.5930470664549367,True,Correct,4,0,Adult,0.09304706645493666
1,male,,0,0,26.55,S,1,0,0.38718804965765174,False,False Negative,1,1,,0.11281195034234826
2,female,24.0,0,0,13.0,S,1,1,0.772761157948828,True,Correct,1,1,Young Adult,0.27276115794882805
3,female,27.0,0,1,12.475,S,1,1,0.7353364803280464,True,Correct,2,0,Young Adult,0.23533648032804644
3,male,,0,0,7.8958,S,0,0,0.10332379580241138,True,Correct,1,1,,0.39667620419758864
3,female,22.0,1,1,12.2875,S,1,1,0.6477111319628741,True,Correct,3,0,Young Adult,0.1477111319628741
2,female,30.0,1,0,13.8583,C,1,1,0.8701615776121302,True,Correct,2,0,Young Adult,0.3701615776121302
3,male,25.0,0,0,0.0,S,1,0,0.11324603919066675,False,False Negative,1,1,Young Adult,0.3867539608093332
1,female,60.0,1,4,263.0,S,1,1,0.6534667282363606,True,Correct,6,0,Adult,0.15346672823636065
3,male,,2,0,21.6792,C,0,0,0.13638750662265187,True,Correct,3,0,,0.36361249337734813
1,male,56.0,0,0,26.55,S,0,0,0.18379669469315807,True,Correct,1,1,Adult,0.31620330530684193
1,female,29.0,0,0,211.3375,S,1,1,0.8884762695938723,True,Correct,1,1,Young Adult,0.38847626959387227
1,female,62.0,0,0,80.0,,1,1,0.6750287537324265,True,Correct,1,1,Senior,0.17502875373242655
1,male,53.0,0,0,28.5,C,1,0,0.3097804795218415,False,False Negative,1,1,Adult,0.1902195204781585
2,female,4.0,2,1,39.0,S,1,1,0.8239186628878544,True,Correct,4,0,Child,0.3239186628878544
2,male,23.0,0,0,13.0,S,0,0,0.24418246943708855,True,Correct,1,1,Young Adult,0.25581753056291145
3,female,,1,1,22.3583,C,1,1,0.7261155423160075,True,Correct,3,0,,0.2261155423160075
3,female,2.0,3,2,27.9,S,0,0,0.4999165829685364,True,Correct,6,0,Child,8.341703146358403e-05
2,male,30.0,1,0,21.0,S,0,0,0.25758165378074627,True,Correct,2,0,Young Adult,0.24241834621925373
2,female,31.0,1,1,26.25,S,1,1,0.7563459208391761,True,Correct,3,0,Young Adult,0.25634592083917607
2,male,36.0,0,0,13.0,S,0,0,0.16674401496233537,True,Correct,1,1,Adult,0.3332559850376646
1,female,26.0,1,0,136.7792,C,1,1,0.9530958810147813,True,Correct,2,0,Young Adult,0.45309588101478127
2,male,2.0,1,1,26.0,S,1,0,0.4527261388773557,False,False Negative,3,0,Child,0.04727386112264431
3,female,33.0,3,0,15.85,S,1,0,0.305972297302259,False,False Negative,4,0,Young Adult,0.194027702697741
2,female,14.0,1,0,30.0708,C,1,1,0.9246843764202777,True,Correct,2,0,Teenager,0.4246843764202777
2,male,29.0,1,0,27.7208,C,0,0,0.3922370171257033,True,Correct,2,0,Young Adult,0.1077629828742967
1,male,26.0,0,0,30.0,C,1,1,0.5486356450532683,True,Correct,1,1,Young Adult,0.04863564505326834
1,male,48.0,0,0,26.55,S,1,0,0.2321758054881247,False,False Negative,1,1,Adult,0.26782419451187534
1,male,,0,0,50.0,S,0,0,0.3926388392486967,True,Correct,1,1,,0.10736116075130331
3,male,36.0,1,0,15.55,S,0,0,0.10652840918182856,True,Correct,2,0,Adult,0.39347159081817146
3,male,37.0,2,0,7.925,S,0,0,0.05908245611555537,True,Correct,3,0,Adult,0.44091754388444465
3,male,20.0,0,0,7.925,S,0,0,0.13400160678047834,True,Correct,1,1,Young Adult,0.36599839321952166
3,male,14.5,8,2,69.55,S,0,0,0.0030319358541666835,True,Correct,11,0,Teenager,0.49696806414583333
3,female,,0,0,15.5,Q,1,1,0.5370072559079075,True,Correct,1,1,,0.037007255907907544
3,female,,8,2,69.55,S,0,0,0.01979681606739532,True,Correct,11,0,,0.4802031839326047
3,male,30.0,1,0,16.1,S,0,0,0.12953348050402916,True,Correct,2,0,Young Adult,0.37046651949597087
2,male,41.0,0,0,13.0,S,0,0,0.1426917679779772,True,Correct,1,1,Adult,0.3573082320220228
3,female,17.0,0,0,14.4583,C,0,1,0.7718581680071581,False,False Positive,1,1,Teenager,0.2718581680071581
3,male,40.0,1,6,46.9,S,0,0,0.03734859773988519,True,Correct,8,0,Adult,0.4626514022601148
1,female,58.0,0,0,146.5208,C,1,1,0.8206338063708771,True,Correct,1,1,Adult,0.32063380637087713
2,male,21.0,0,0,73.5,S,0,0,0.26951696715886797,True,Correct,1,1,Young Adult,0.23048303284113203
2,female,29.0,1,0,26.0,S,1,1,0.7980021234588189,True,Correct,2,0,Young Adult,0.29800212345881893
3,male,35.0,0,0,7.8958,S,0,0,0.08175415548403599,True,Correct,1,1,Young Adult,0.418245844515964
1,female,42.0,0,0,227.525,C,1,1,0.8992877464515555,True,Correct,1,1,Adult,0.3992877464515555
2,male,23.0,0,0,13.0,S,0,0,0.24418246943708855,True,Correct,1,1,Young Adult,0.25581753056291145
3,male,11.0,0,0,18.7875,C,0,0,0.27957727416383116,True,Correct,1,1,Child,0.22042272583616884
3,female,,8,2,69.55,S,0,0,0.01979681606739532,True,Correct,11,0,,0.4802031839326047
3,male,,0,0,8.05,S,0,0,0.1033377565500354,True,Correct,1,1,,0.3966622434499646
1,male,50.0,0,0,26.0,S,0,0,0.21920672456265478,True,Correct,1,1,Adult,0.2807932754373452
3,male,,0,0,8.05,S,0,0,0.1033377565500354,True,Correct,1,1,,0.3966622434499646
3,female,25.0,1,0,7.925,S,0,1,0.6596758331742272,False,False Positive,2,0,Young Adult,0.15967583317422718
1,male,,0,0,51.8625,S,0,0,0.39307293311411823,True,Correct,1,1,,0.10692706688588177
1,female,19.0,0,0,30.0,S,1,1,0.9060673240143263,True,Correct,1,1,Young Adult,0.4060673240143263
3,male,26.0,1,0,7.8542,S,0,0,0.1460699510022323,True,Correct,2,0,Young Adult,0.3539300489977677
3,male,,0,0,15.5,Q,0,0,0.09600719252476429,True,Correct,1,1,,0.4039928074752357
1,female,55.0,0,0,135.6333,C,1,1,0.8348704826607168,True,Correct,1,1,Adult,0.33487048266071684
3,female,6.0,4,2,31.275,S,0,0,0.3227108906970349,True,Correct,7,0,Child,0.1772891093029651
3,female,28.0,1,1,14.4,S,0,1,0.5962783832852048,False,False Positive,3,0,Young Adult,0.09627838328520477
1,male,36.0,1,0,78.85,S,0,0,0.4057898585398791,True,Correct,2,0,Adult,0.09421014146012091
3,male,51.0,0,0,7.0542,S,0,0,0.04701620680294451,True,Correct,1,1,Adult,0.4529837931970555
3,female,2.0,1,1,20.2125,S,0,1,0.7947266246674597,False,False Positive,3,0,Child,0.2947266246674597
1,male,56.0,0,0,30.6958,C,0,0,0.2870944085790617,True,Correct,1,1,Adult,0.2129055914209383
3,male,32.0,0,0,7.8958,S,0,0,0.09044522732988587,True,Correct,1,1,Young Adult,0.40955477267011414
3,male,29.0,3,1,22.025,S,1,0,0.038274122090075434,False,False Negative,5,0,Young Adult,0.4617258779099246
2,female,30.0,0,0,12.35,Q,1,1,0.7136660007611207,True,Correct,1,1,Young Adult,0.21366600076112074
3,male,21.0,2,0,24.15,S,0,0,0.10316589824361862,True,Correct,3,0,Young Adult,0.3968341017563814
2,male,30.0,0,0,13.0,S,0,0,0.19975830844525194,True,Correct,1,1,Young Adult,0.30024169155474806
2,female,4.0,1,1,23.0,S,1,1,0.8932534747025025,True,Correct,3,0,Child,0.3932534747025025
3,male,40.0,1,4,27.9,S,0,0,0.050563077584384906,True,Correct,6,0,Adult,0.4494369224156151
3,male,25.0,0,0,7.05,S,0,0,0.11393967985277222,True,Correct,1,1,Young Adult,0.3860603201472278
3,male,19.0,0,0,0.0,S,0,0,0.1374148660142896,True,Correct,1,1,Young Adult,0.3625851339857104
1,male,18.0,1,0,108.9,C,0,1,0.7085674330788553,False,False Positive,2,0,Teenager,0.20856743307885528
3,male,,0,0,7.75,Q,1,0,0.09535194699081008,False,False Negative,1,1,,0.40464805300918993
3,male,26.0,0,0,56.4958,S,1,0,0.11510281677305143,False,False Negative,1,1,Young Adult,0.38489718322694855
1,male,42.0,0,0,26.55,S,0,0,0.27388692055519875,True,Correct,1,1,Adult,0.22611307944480125
3,male,22.0,0,0,7.7958,S,0,0,0.1256644089905866,True,Correct,1,1,Young Adult,0.3743355910094134
3,male,,0,0,7.225,C,0,0,0.17019607103275164,True,Correct,1,1,,0.32980392896724836
2,male,23.0,0,0,10.5,S,0,0,0.2437318994464055,True,Correct,1,1,Young Adult,0.2562681005535945
3,male,20.5,0,0,7.25,S,0,0,0.13180259561122326,True,Correct,1,1,Young Adult,0.36819740438877674
1,male,,0,0,42.4,S,0,0,0.39086926783897585,True,Correct,1,1,,0.10913073216102415
3,female,10.0,0,2,24.15,S,0,1,0.8163783489609958,False,False Positive,3,0,Child,0.3163783489609958
2,male,21.0,0,0,13.0,S,0,0,0.25803776717085025,True,Correct,1,1,Young Adult,0.24196223282914975
3,male,,0,0,7.05,S,0,0,0.103247249601017,True,Correct,1,1,,0.396752750398983
3,male,40.0,0,0,7.8958,S,0,0,0.06894700105211714,True,Correct,1,1,Adult,0.43105299894788285
3,male,,2,0,21.6792,C,0,0,0.13638750662265187,True,Correct,3,0,,0.36361249337734813
2,female,26.0,0,0,13.5,S,1,1,0.7596506441588748,True,Correct,1,1,Young Adult,0.25965064415887484
1,female,35.0,1,0,52.0,S,1,1,0.8828717329027097,True,Correct,2,0,Young Adult,0.3828717329027097
3,male,33.0,0,0,7.8958,C,0,0,0.14581458785614895,True,Correct,1,1,Young Adult,0.354185412143851
2,male,63.0,1,0,26.0,S,0,0,0.09367169449154553,True,Correct,2,0,Senior,0.40632830550845445
1,male,,0,0,221.7792,S,0,0,0.4333051092697716,True,Correct,1,1,,0.06669489073022838
2,female,40.0,0,0,13.0,S,1,1,0.653494120503692,True,Correct,1,1,Adult,0.15349412050369204
1,male,,0,0,35.0,S,0,0,0.38914901755060227,True,Correct,1,1,,0.11085098244939773
3,male,,0,0,7.8792,S,0,0,0.10332229299392666,True,Correct,1,1,,0.39667770700607335
1,male,,0,0,26.55,S,0,0,0.38718804965765174,True,Correct,1,1,,0.11281195034234826
3,male,44.0,0,1,16.1,S,0,0,0.12008050955515438,True,Correct,2,0,Adult,0.37991949044484563
3,female,5.0,0,0,12.475,S,1,1,0.7468348478758418,True,Correct,1,1,Child,0.24683484787584176
2,male,3.0,1,1,18.75,S,1,0,0.44186604761777276,False,False Negative,3,0,Child,0.05813395238222724
3,female,,1,0,15.5,Q,1,1,0.6153157069924619,True,Correct,2,0,,0.11531570699246185
3,female,19.0,0,0,7.8792,Q,1,1,0.6159674423990014,True,Correct,1,1,Young Adult,0.11596744239900136
2,female,36.0,0,0,13.0,S,1,1,0.6860716749611401,True,Correct,1,1,Adult,0.18607167496114008
3,male,21.0,0,0,7.225,C,0,0,0.20976924462797217,True,Correct,1,1,Young Adult,0.2902307553720278
3,male,26.0,1,2,20.575,S,0,0,0.11020509101639603,True,Correct,4,0,Young Adult,0.38979490898360397
2,male,0.8333,0,2,29.0,S,1,1,0.5708995855797714,True,Correct,3,0,Child,0.07089958557977138
2,female,28.0,0,0,12.65,S,1,1,0.7457822956604087,True,Correct,1,1,Young Adult,0.24578229566040866
3,male,,1,0,15.5,Q,0,0,0.127751653063547,True,Correct,2,0,,0.37224834693645303
1,female,38.0,0,0,80.0,,1,1,0.8341487637655328,True,Correct,1,1,Adult,0.3341487637655328
3,male,,0,0,8.05,S,0,0,0.1033377565500354,True,Correct,1,1,,0.3966622434499646
3,male,21.0,1,0,6.4958,S,0,0,0.17039061308565798,True,Correct,2,0,Young Adult,0.32960938691434205
3,male,34.5,0,0,7.8292,Q,0,0,0.0766051743556085,True,Correct,1,1,Young Adult,0.4233948256443915
1,female,48.0,1,0,39.6,C,1,1,0.8914889455374647,True,Correct,2,0,Adult,0.3914889455374647
3,male,6.0,0,1,12.475,S,1,0,0.35547346338789687,False,False Negative,2,0,Child,0.14452653661210313
3,female,23.0,0,0,7.55,S,1,1,0.6019898501311781,True,Correct,1,1,Young Adult,0.10198985013117812
3,male,45.0,0,0,6.975,S,0,0,0.05797022146307943,True,Correct,1,1,Adult,0.44202977853692055
3,male,,0,0,6.8583,Q,0,0,0.09527681287013116,True,Correct,1,1,,0.4047231871298688
1,female,47.0,1,1,52.5542,S,1,1,0.803867443959502,True,Correct,3,0,Adult,0.30386744395950205
3,male,21.0,0,0,7.7333,Q,0,0,0.1200384464245236,True,Correct,1,1,Young Adult,0.3799615535754764
3,male,,0,0,7.225,C,0,0,0.17019607103275164,True,Correct,1,1,,0.32980392896724836
3,male,36.0,0,0,7.25,S,0,0,0.07898448223487438,True,Correct,1,1,Adult,0.42101551776512564
3,male,40.0,1,1,15.5,Q,0,0,0.07372739106836278,True,Correct,3,0,Adult,0.4262726089316372
1,female,22.0,0,1,55.0,S,1,1,0.9493627443916998,True,Correct,2,0,Young Adult,0.44936274439169976
3,male,,0,0,7.2292,C,0,0,0.17019665064458422,True,Correct,1,1,,0.3298033493554158
1,female,36.0,0,0,31.6792,C,0,1,0.9019463142779257,False,False Positive,1,1,Adult,0.4019463142779257
3,male,25.0,1,0,7.775,S,0,0,0.15071615841940622,True,Correct,2,0,Young Adult,0.3492838415805938
1,female,,0,0,110.8833,C,1,1,0.930293182495412,True,Correct,1,1,,0.43029318249541204
1,female,17.0,1,0,57.0,S,1,1,0.9363161700259552,True,Correct,2,0,Teenager,0.43631617002595524
3,male,,0,0,7.75,Q,0,0,0.09535194699081008,True,Correct,1,1,,0.40464805300918993
1,male,49.0,0,0,26.0,S,0,0,0.22557829210910413,True,Correct,1,1,Adult,0.27442170789089587
1,female,64.0,0,2,83.1583,C,1,1,0.8606473396437899,True,Correct,3,0,Senior,0.3606473396437899
3,male,22.0,0,0,7.225,C,1,0,0.20372674171967048,False,False Negative,1,1,Young Adult,0.2962732582803295
3,male,18.0,0,0,7.7958,S,0,0,0.14277068980095037,True,Correct,1,1,Teenager,0.35722931019904963
2,male,49.0,1,2,65.0,S,0,0,0.1139545863565952,True,Correct,4,0,Adult,0.38604541364340483
2,male,25.0,0,0,31.5,S,0,0,0.2340649520598928,True,Correct,1,1,Young Adult,0.2659350479401072
3,male,31.0,0,0,7.775,S,0,0,0.09351243423171973,True,Correct,1,1,Young Adult,0.40648756576828027
1,female,63.0,1,0,221.7792,S,0,1,0.760263529984662,False,False Positive,2,0,Senior,0.26026352998466196
2,female,28.0,0,0,13.0,S,1,1,0.7458471309933065,True,Correct,1,1,Young Adult,0.24584713099330646
2,male,17.0,0,0,73.5,S,0,0,0.2994976817333845,True,Correct,1,1,Teenager,0.20050231826661552
3,female,21.0,1,0,9.825,S,0,1,0.6923417720816374,False,False Positive,2,0,Young Adult,0.19234177208163739
1,female,39.0,1,1,110.8833,C,1,1,0.9121081646999105,True,Correct,3,0,Adult,0.4121081646999105
1,male,67.0,1,0,221.7792,S,0,0,0.20037418681292155,True,Correct,2,0,Senior,0.2996258131870785
1,female,,1,0,82.1708,C,1,1,0.947077755590045,True,Correct,2,0,,0.44707775559004503
1,male,57.0,1,0,146.5208,C,0,0,0.37477333628367504,True,Correct,2,0,Adult,0.12522666371632496
3,male,,0,0,8.7125,C,0,0,0.1704014483621397,True,Correct,1,1,,0.32959855163786034
3,male,25.0,1,0,7.775,S,1,0,0.15071615841940622,False,False Negative,2,0,Young Adult,0.3492838415805938
3,male,20.0,0,0,4.0125,C,0,0,0.21541135295035124,True,Correct,1,1,Young Adult,0.28458864704964876
3,female,4.0,1,1,16.7,S,1,1,0.781858779217028,True,Correct,3,0,Child,0.28185877921702795
1,male,24.0,1,0,82.2667,S,1,1,0.5160175227247353,True,Correct,2,0,Young Adult,0.016017522724735334
1,male,50.0,1,0,106.425,C,0,0,0.4272570606385851,True,Correct,2,0,Adult,0.0727429393614149
3,male,,0,0,8.05,S,0,0,0.1033377565500354,True,Correct,1,1,,0.3966622434499646
2,male,29.0,1,0,21.0,S,0,0,0.2646905143504551,True,Correct,2,0,Young Adult,0.2353094856495449
2,female,40.0,1,1,39.0,S,1,1,0.6928750023116831,True,Correct,3,0,Adult,0.19287500231168309
3,female,0.1667,1,2,20.575,S,1,1,0.7779746176105462,True,Correct,4,0,Child,0.2779746176105462
3,male,0.75,1,1,13.775,S,0,0,0.2694773323011231,True,Correct,3,0,Child,0.23052266769887692
3,male,,0,0,7.8958,S,0,0,0.10332379580241138,True,Correct,1,1,,0.39667620419758864
3,female,18.0,0,1,9.35,S,1,1,0.7941996806608294,True,Correct,2,0,Teenager,0.29419968066082935
3,male,28.0,2,0,7.925,S,0,0,0.08044558368604537,True,Correct,3,0,Young Adult,0.4195544163139546
2,male,,0,0,10.7083,Q,0,0,0.19696776497094282,True,Correct,1,1,,0.3030322350290572
1,female,44.0,0,1,57.9792,C,1,1,0.9370649092439758,True,Correct,2,0,Adult,0.4370649092439758
1,male,30.0,1,2,151.55,S,0,0,0.3954171277126279,True,Correct,4,0,Young Adult,0.10458287228737212
2,male,47.0,0,0,15.0,S,0,0,0.11792462448987151,True,Correct,1,1,Adult,0.3820753755101285
3,male,25.0,0,0,7.25,S,0,0,0.11395941150229667,True,Correct,1,1,Young Adult,0.38604058849770334
1,male,71.0,0,0,49.5042,C,0,0,0.19095018035834876,True,Correct,1,1,Senior,0.30904981964165124
3,male,,1,0,7.75,Q,0,0,0.1269101685935821,True,Correct,2,0,,0.37308983140641794
2,female,50.0,0,0,10.5,S,1,1,0.5655042674760582,True,Correct,1,1,Adult,0.0655042674760582
1,female,30.0,0,0,93.5,S,1,1,0.8725036854241255,True,Correct,1,1,Young Adult,0.3725036854241255
3,male,20.0,0,0,7.8542,S,0,0,0.1339935787003083,True,Correct,1,1,Young Adult,0.3660064212996917
3,female,43.0,1,6,46.9,S,0,0,0.27503296624487805,True,Correct,8,0,Adult,0.22496703375512195
3,female,22.0,0,0,7.75,Q,1,1,0.5894767664860463,True,Correct,1,1,Young Adult,0.0894767664860463
1,female,24.0,0,0,69.3,C,1,1,0.9369056935766703,True,Correct,1,1,Young Adult,0.4369056935766703
2,female,29.0,0,0,10.5,S,1,1,0.7383279175201859,True,Correct,1,1,Young Adult,0.2383279175201859
2,male,27.0,1,0,26.0,S,0,0,0.2802639693352854,True,Correct,2,0,Young Adult,0.2197360306647146
3,female,,1,2,23.45,S,0,1,0.5575360314457906,False,False Positive,4,0,,0.05753603144579056
3,male,29.0,1,0,7.0458,S,0,0,0.1327233265160071,True,Correct,2,0,Young Adult,0.3672766734839929
3,male,21.0,0,0,7.8208,Q,1,0,0.12004747810518017,False,False Negative,1,1,Young Adult,0.3799525218948198
1,male,,0,0,26.0,S,1,0,0.3870605385944308,False,False Negative,1,1,,0.11293946140556921
1,male,49.0,1,0,56.9292,C,1,0,0.42444064763526984,False,False Negative,2,0,Adult,0.07555935236473016
1,male,51.0,0,0,26.55,S,1,0,0.2130557277624646,False,False Negative,1,1,Adult,0.2869442722375354
2,male,43.0,0,1,21.0,S,0,0,0.24818641234818176,True,Correct,2,0,Adult,0.25181358765181827
1,female,,0,0,27.7208,C,1,1,0.924835665286703,True,Correct,1,1,,0.424835665286703
3,female,,0,0,14.5,S,0,1,0.5588077347676611,False,False Positive,1,1,,0.0588077347676611
1,male,45.0,0,0,29.7,C,1,0,0.37631805124292966,False,False Negative,1,1,Adult,0.12368194875707034
3,male,26.5,0,0,7.225,C,0,0,0.17814451921781138,True,Correct,1,1,Young Adult,0.3218554807821886
3,male,22.5,0,0,7.225,C,0,0,0.2007544374189943,True,Correct,1,1,Young Adult,0.2992455625810057
1,male,,0,0,39.6,C,0,1,0.5326655292119699,False,False Positive,1,1,,0.03266552921196986
1,female,55.0,0,0,27.7208,C,1,1,0.8198157251937837,True,Correct,1,1,Adult,0.31981572519378365
1,male,28.5,0,0,27.7208,C,0,1,0.5251831085550949,False,False Positive,1,1,Young Adult,0.02518310855509487
1,male,52.0,0,0,30.5,S,1,0,0.20757751831463928,False,False Negative,1,1,Adult,0.2924224816853607
3,female,41.0,0,5,39.6875,S,0,0,0.4655516733709245,True,Correct,6,0,Adult,0.03444832662907549
3,male,34.0,1,1,14.4,S,0,0,0.09781056335063389,True,Correct,3,0,Young Adult,0.4021894366493661
2,female,18.0,0,1,23.0,S,1,1,0.9007416486462857,True,Correct,2,0,Teenager,0.4007416486462857
1,male,38.0,1,0,90.0,S,1,0,0.3907420365894868,False,False Negative,2,0,Adult,0.10925796341051319
3,female,25.0,0,0,7.775,S,0,1,0.584261234629219,False,False Positive,1,1,Young Adult,0.08426123462921897
2,male,26.0,0,0,13.0,S,0,0,0.22436254623992824,True,Correct,1,1,Young Adult,0.27563745376007176
1,female,30.0,0,0,164.8667,S,1,1,0.8800618048916148,True,Correct,1,1,Young Adult,0.3800618048916148
1,male,33.0,0,0,26.55,S,0,0,0.3444835176259369,True,Correct,1,1,Young Adult,0.15551648237406313
1,female,59.0,2,0,51.4792,S,1,1,0.6313883542692327,True,Correct,3,0,Adult,0.13138835426923268
1,female,15.0,0,1,211.3375,S,1,1,0.9658349696912004,True,Correct,2,0,Teenager,0.4658349696912004
1,female,53.0,2,0,51.4792,S,1,1,0.6811915261270933,True,Correct,3,0,Adult,0.18119152612709333
3,female,2.0,0,1,10.4625,S,0,1,0.8744674804644431,False,False Positive,2,0,Child,0.3744674804644431
3,male,19.0,0,0,10.1708,S,0,0,0.1385971379470402,True,Correct,1,1,Young Adult,0.3614028620529598
2,male,,0,0,0.0,S,0,0,0.20968639607856307,True,Correct,1,1,,0.2903136039214369
3,female,,0,0,7.8792,Q,1,1,0.5351552816618556,True,Correct,1,1,,0.03515528166185555
1,male,38.0,0,0,0.0,S,0,0,0.2986886577415691,True,Correct,1,1,Adult,0.2013113422584309
3,male,35.0,0,0,7.05,S,0,0,0.08169213306292412,True,Correct,1,1,Young Adult,0.4183078669370759
3,female,,0,2,15.2458,C,0,1,0.8017578810105973,False,False Positive,3,0,,0.3017578810105973
3,male,22.0,0,0,7.775,S,0,0,0.12566217586664,True,Correct,1,1,Young Adult,0.37433782413336003
3,female,30.0,1,0,15.55,S,0,1,0.6189446406483039,False,False Positive,2,0,Young Adult,0.1189446406483039
1,male,,0,0,0.0,S,0,0,0.38105067617867616,True,Correct,1,1,,0.11894932382132384
3,male,20.0,0,0,9.8458,S,0,0,0.13421956331764223,True,Correct,1,1,Young Adult,0.36578043668235777
1,male,28.0,1,0,82.1708,C,0,1,0.6210150754249687,False,False Positive,2,0,Young Adult,0.1210150754249687
