Threshold,Accuracy,Precision,Recall,F1
0.3,0.7952380952380952,0.6831683168316832,0.8625,0.7624309392265194
0.35,0.8047619047619048,0.7010309278350515,0.85,0.768361581920904
0.4,0.8047619047619048,0.7142857142857143,0.8125,0.7602339181286549
0.45,0.8,0.7209302325581395,0.775,0.7469879518072289
0.5,0.7904761904761904,0.7571428571428571,0.6625,0.7066666666666667
0.55,0.7857142857142857,0.7611940298507462,0.6375,0.6938775510204082
0.6,0.780952380952381,0.7833333333333333,0.5875,0.6714285714285714
0.65,0.7857142857142857,0.8431372549019608,0.5375,0.6564885496183206
0.7,0.7571428571428571,0.8536585365853658,0.4375,0.5785123966942148
